File Name,Category
10001727.pdf,CHEF
10005171.pdf,DIGITAL-MEDIA
10030015.pdf,ENGINEERING
10041713.pdf,CONSTRUCTION
10062724.pdf,HEALTHCARE
10070224.pdf,PUBLIC-RELATIONS
10076271.pdf,HEALTHCARE
10089434.pdf,INFORMATION-TECHNOLOGY
10100240.pdf,CONSTRUCTION
10138632.pdf,SALES
10149490.pdf,CONSTRUCTION
10176013.pdf,CONSTRUCTION
10176815.pdf,AVIATION
10182582.pdf,APPAREL
10186968.pdf,ADVOCATE
10189110.pdf,AVIATION
10219099.pdf,ENGINEERING
10228751.pdf,BUSINESS-DEVELOPMENT
10235211.pdf,BUSINESS-DEVELOPMENT
10235429.pdf,FITNESS
10247517.pdf,INFORMATION-TECHNOLOGY
10251432.pdf,HEALTHCARE
10265057.pdf,BPO
10268614.pdf,FITNESS
10276858.pdf,CHEF
10281555.pdf,CONSTRUCTION
10289113.pdf,BUSINESS-DEVELOPMENT
10329506.pdf,BANKING
10332998.pdf,CONSULTANT
10333051.pdf,ADVOCATE
10333299.pdf,CHEF
10344379.pdf,ADVOCATE
10395944.pdf,AVIATION
10399912.pdf,HR
10428916.pdf,FITNESS
10464113.pdf,SALES
10466208.pdf,HEALTHCARE
10466583.pdf,DESIGNER
10480456.pdf,HEALTHCARE
10501991.pdf,BUSINESS-DEVELOPMENT
10504237.pdf,AGRICULTURE
10515955.pdf,DIGITAL-MEDIA
10527994.pdf,TEACHER
10541358.pdf,BUSINESS-DEVELOPMENT
10549585.pdf,FINANCE
10553553.pdf,INFORMATION-TECHNOLOGY
10554045.pdf,PUBLIC-RELATIONS
10554236.pdf,ACCOUNTANT
10562768.pdf,BANKING
10567764.pdf,AVIATION
10568183.pdf,HEALTHCARE
10568350.pdf,FITNESS
10588874.pdf,CHEF
10603337.pdf,SALES
10624813.pdf,ENGINEERING
10641230.pdf,INFORMATION-TECHNOLOGY
10653119.pdf,CHEF
10659182.pdf,ADVOCATE
10674770.pdf,ACCOUNTANT
10694288.pdf,HR
10704573.pdf,BUSINESS-DEVELOPMENT
10712803.pdf,ENGINEERING
10724818.pdf,SALES
10734870.pdf,CONSTRUCTION
10738095.pdf,APPAREL
10748989.pdf,DESIGNER
10751444.pdf,DESIGNER
10816645.pdf,FITNESS
10818478.pdf,ADVOCATE
10820510.pdf,CONSTRUCTION
10830646.pdf,ARTS
10839851.pdf,INFORMATION-TECHNOLOGY
10840430.pdf,INFORMATION-TECHNOLOGY
10873344.pdf,PUBLIC-RELATIONS
10876132.pdf,AUTOMOBILE
10889157.pdf,CHEF
10898339.pdf,SALES
10909673.pdf,BANKING
10909720.pdf,TEACHER
10926726.pdf,PUBLIC-RELATIONS
10945968.pdf,AVIATION
10953078.pdf,AGRICULTURE
10969918.pdf,FITNESS
10984392.pdf,CONSULTANT
10985403.pdf,ENGINEERING
11005406.pdf,AGRICULTURE
11020140.pdf,CONSULTANT
11065180.pdf,BANKING
11088337.pdf,BUSINESS-DEVELOPMENT
11121498.pdf,CHEF
11130200.pdf,FITNESS
11137306.pdf,AVIATION
11152490.pdf,AUTOMOBILE
11155153.pdf,DESIGNER
11160414.pdf,PUBLIC-RELATIONS
11163645.pdf,ACCOUNTANT
11169163.pdf,AVIATION
11174187.pdf,ADVOCATE
11183737.pdf,BPO
11187796.pdf,ARTS
11188218.pdf,ADVOCATE
11197262.pdf,AGRICULTURE
11209758.pdf,CHEF
11232471.pdf,APPAREL
11257723.pdf,AUTOMOBILE
11262933.pdf,BANKING
11266906.pdf,BANKING
11270462.pdf,DIGITAL-MEDIA
11289482.pdf,BUSINESS-DEVELOPMENT
11332602.pdf,FITNESS
11333001.pdf,AVIATION
11333660.pdf,CONSULTANT
11336022.pdf,TEACHER
11360471.pdf,ARTS
11378657.pdf,HEALTHCARE
11393213.pdf,CONSTRUCTION
11409460.pdf,APPAREL
11415967.pdf,CONSULTANT
11432686.pdf,CHEF
11441764.pdf,FINANCE
11444536.pdf,CHEF
11480899.pdf,HR
11490673.pdf,FINANCE
11522068.pdf,FITNESS
11551946.pdf,BUSINESS-DEVELOPMENT
11555549.pdf,ARTS
11580408.pdf,INFORMATION-TECHNOLOGY
11584809.pdf,INFORMATION-TECHNOLOGY
11592605.pdf,HR
11605833.pdf,HEALTHCARE
11614114.pdf,AVIATION
11616482.pdf,TEACHER
11624880.pdf,PUBLIC-RELATIONS
11635137.pdf,PUBLIC-RELATIONS
11637468.pdf,BANKING
11650031.pdf,CONSTRUCTION
11653906.pdf,HEALTHCARE
11672279.pdf,BANKING
11676151.pdf,AGRICULTURE
11677012.pdf,DIGITAL-MEDIA
11677077.pdf,APPAREL
11698189.pdf,HR
11704150.pdf,HEALTHCARE
11722421.pdf,DESIGNER
11752500.pdf,AVIATION
11759079.pdf,ACCOUNTANT
11763983.pdf,HR
11773767.pdf,ADVOCATE
11773925.pdf,BANKING
11797122.pdf,AUTOMOBILE
11804712.pdf,AVIATION
11807040.pdf,DESIGNER
11813872.pdf,AGRICULTURE
11835339.pdf,CONSULTANT
11842274.pdf,CHEF
11842348.pdf,BANKING
11847784.pdf,HR
11850315.pdf,PUBLIC-RELATIONS
11877150.pdf,FINANCE
11887930.pdf,AUTOMOBILE
11890896.pdf,ENGINEERING
11902276.pdf,PUBLIC-RELATIONS
11919526.pdf,DESIGNER
11943065.pdf,TEACHER
11957080.pdf,INFORMATION-TECHNOLOGY
11958994.pdf,DESIGNER
11959428.pdf,AVIATION
11963737.pdf,ADVOCATE
11981094.pdf,ENGINEERING
11995013.pdf,ARTS
12011623.pdf,ENGINEERING
12019284.pdf,FITNESS
12021752.pdf,BANKING
12022566.pdf,ENGINEERING
12043694.pdf,AUTOMOBILE
12045067.pdf,INFORMATION-TECHNOLOGY
12059198.pdf,BUSINESS-DEVELOPMENT
12059610.pdf,APPAREL
12065211.pdf,ACCOUNTANT
12071138.pdf,FINANCE
12082377.pdf,SALES
12085736.pdf,DIGITAL-MEDIA
12092347.pdf,CHEF
12122372.pdf,APPAREL
12144825.pdf,AVIATION
12155206.pdf,CHEF
12171093.pdf,ADVOCATE
12191094.pdf,PUBLIC-RELATIONS
12192507.pdf,AVIATION
12202337.pdf,ACCOUNTANT
12212468.pdf,CONSTRUCTION
12230301.pdf,BUSINESS-DEVELOPMENT
12237267.pdf,PUBLIC-RELATIONS
12239749.pdf,AVIATION
12251115.pdf,CONSULTANT
12254068.pdf,CHEF
12315079.pdf,HEALTHCARE
12333703.pdf,HEALTHCARE
12334140.pdf,INFORMATION-TECHNOLOGY
12334650.pdf,ARTS
12338274.pdf,ACCOUNTANT
12341902.pdf,AGRICULTURE
12351749.pdf,SALES
12374933.pdf,CONSULTANT
12377803.pdf,BUSINESS-DEVELOPMENT
12386670.pdf,ARTS
12413512.pdf,ARTS
12415691.pdf,DESIGNER
12420359.pdf,CHEF
12442909.pdf,ACCOUNTANT
12467531.pdf,TEACHER
12472574.pdf,ENGINEERING
12488356.pdf,ENGINEERING
12491898.pdf,CONSTRUCTION
12504278.pdf,AVIATION
12518008.pdf,ENGINEERING
12526702.pdf,CONSULTANT
12544735.pdf,ADVOCATE
12545844.pdf,PUBLIC-RELATIONS
12546838.pdf,BUSINESS-DEVELOPMENT
12547982.pdf,DESIGNER
12567516.pdf,PUBLIC-RELATIONS
12587973.pdf,TEACHER
12613221.pdf,HEALTHCARE
12635195.pdf,INFORMATION-TECHNOLOGY
12654876.pdf,CONSTRUCTION
12666174.pdf,CONSTRUCTION
12668625.pdf,APPAREL
12669075.pdf,APPAREL
12674256.pdf,BANKING
12674307.pdf,DESIGNER
12693146.pdf,CONSTRUCTION
12695537.pdf,CONSTRUCTION
12695799.pdf,FITNESS
12696104.pdf,SALES
12717345.pdf,CHEF
12748557.pdf,ENGINEERING
12763627.pdf,INFORMATION-TECHNOLOGY
12777487.pdf,ARTS
12780508.pdf,ACCOUNTANT
12786012.pdf,HR
12791244.pdf,FITNESS
12802330.pdf,ACCOUNTANT
12814706.pdf,BUSINESS-DEVELOPMENT
12820557.pdf,SALES
12826414.pdf,CONSTRUCTION
12839152.pdf,CONSTRUCTION
12858898.pdf,FINANCE
12860543.pdf,APPAREL
12890045.pdf,CONSTRUCTION
12897903.pdf,CONSULTANT
12904972.pdf,AVIATION
12920612.pdf,PUBLIC-RELATIONS
12923795.pdf,FITNESS
12938200.pdf,HEALTHCARE
12938389.pdf,FITNESS
12955994.pdf,CONSULTANT
13014900.pdf,DESIGNER
13037145.pdf,FITNESS
13072019.pdf,ACCOUNTANT
13072354.pdf,ADVOCATE
13080868.pdf,BUSINESS-DEVELOPMENT
13087952.pdf,TEACHER
13095891.pdf,CHEF
13115648.pdf,ADVOCATE
13129275.pdf,PUBLIC-RELATIONS
13130984.pdf,ACCOUNTANT
13149176.pdf,ENGINEERING
13173522.pdf,BANKING
13178604.pdf,SALES
13195436.pdf,AVIATION
13199813.pdf,BUSINESS-DEVELOPMENT
13212436.pdf,CHEF
13215696.pdf,CONSULTANT
13234267.pdf,AVIATION
13264154.pdf,CHEF
13264796.pdf,ENGINEERING
13272204.pdf,HR
13294301.pdf,ACCOUNTANT
13296856.pdf,TEACHER
13313917.pdf,CONSULTANT
13328680.pdf,DIGITAL-MEDIA
13330982.pdf,TEACHER
13342150.pdf,ADVOCATE
13343786.pdf,HR
13348915.pdf,SALES
13352113.pdf,HEALTHCARE
13367322.pdf,FITNESS
13376919.pdf,HR
13385306.pdf,INFORMATION-TECHNOLOGY
13386301.pdf,APPAREL
13393401.pdf,BANKING
13405229.pdf,AVIATION
13405733.pdf,INFORMATION-TECHNOLOGY
13411858.pdf,CHEF
13418452.pdf,APPAREL
13454871.pdf,CONSULTANT
13477922.pdf,INFORMATION-TECHNOLOGY
13491889.pdf,ACCOUNTANT
13503650.pdf,DIGITAL-MEDIA
13518263.pdf,DESIGNER
13520837.pdf,HR
13557622.pdf,DESIGNER
13565152.pdf,HEALTHCARE
13569152.pdf,CONSULTANT
13574264.pdf,BUSINESS-DEVELOPMENT
13575312.pdf,HEALTHCARE
13583538.pdf,TEACHER
13586069.pdf,CONSULTANT
13593241.pdf,ADVOCATE
13637605.pdf,SALES
13675377.pdf,FITNESS
13701259.pdf,ACCOUNTANT
13727873.pdf,PUBLIC-RELATIONS
13764840.pdf,APPAREL
13774329.pdf,DESIGNER
13807808.pdf,APPAREL
13809698.pdf,HEALTHCARE
13812481.pdf,SALES
13836471.pdf,INFORMATION-TECHNOLOGY
13837784.pdf,DIGITAL-MEDIA
13855004.pdf,TEACHER
13858219.pdf,APPAREL
13879043.pdf,HR
13888506.pdf,BUSINESS-DEVELOPMENT
13907230.pdf,CONSTRUCTION
13909762.pdf,ADVOCATE
13915715.pdf,PUBLIC-RELATIONS
13964744.pdf,INFORMATION-TECHNOLOGY
13967854.pdf,ADVOCATE
13982572.pdf,BANKING
13998435.pdf,DESIGNER
14009087.pdf,PUBLIC-RELATIONS
14014749.pdf,DESIGNER
14036515.pdf,DIGITAL-MEDIA
14049846.pdf,ENGINEERING
14055971.pdf,BUSINESS-DEVELOPMENT
14055988.pdf,ACCOUNTANT
14062078.pdf,HEALTHCARE
14064815.pdf,ADVOCATE
14070138.pdf,BUSINESS-DEVELOPMENT
14106638.pdf,FINANCE
14107571.pdf,FITNESS
14126433.pdf,ACCOUNTANT
14128006.pdf,PUBLIC-RELATIONS
14140903.pdf,AGRICULTURE
14146106.pdf,ADVOCATE
14150896.pdf,ARTS
14176254.pdf,ADVOCATE
14181049.pdf,FINANCE
14206561.pdf,ENGINEERING
14209965.pdf,DIGITAL-MEDIA
14224370.pdf,ACCOUNTANT
14225422.pdf,HR
14241621.pdf,BUSINESS-DEVELOPMENT
14248724.pdf,ARTS
14256329.pdf,HR
14267489.pdf,SALES
14278888.pdf,PUBLIC-RELATIONS
14287992.pdf,BUSINESS-DEVELOPMENT
14304010.pdf,APPAREL
14346702.pdf,CONSULTANT
14358578.pdf,SALES
14364597.pdf,PUBLIC-RELATIONS
14381464.pdf,SALES
14391434.pdf,BANKING
14408510.pdf,FINANCE
14413148.pdf,FINANCE
14413257.pdf,DESIGNER
14445309.pdf,ADVOCATE
14449423.pdf,ACCOUNTANT
14455622.pdf,AVIATION
14470533.pdf,ACCOUNTANT
14491649.pdf,ACCOUNTANT
14496667.pdf,ACCOUNTANT
14508237.pdf,AGRICULTURE
14515954.pdf,FITNESS
14517953.pdf,CONSULTANT
14528265.pdf,DESIGNER
14536764.pdf,PUBLIC-RELATIONS
14554542.pdf,ENGINEERING
14556869.pdf,DIGITAL-MEDIA
14569498.pdf,CHEF
14585273.pdf,CONSTRUCTION
14589288.pdf,AVIATION
14593060.pdf,CONSULTANT
14611516.pdf,PUBLIC-RELATIONS
14626780.pdf,BANKING
14640322.pdf,HR
14663897.pdf,CHEF
14667659.pdf,PUBLIC-RELATIONS
14667957.pdf,HEALTHCARE
14698557.pdf,APPAREL
14708590.pdf,ADVOCATE
14722634.pdf,FINANCE
14724186.pdf,DESIGNER
14726000.pdf,BUSINESS-DEVELOPMENT
14743911.pdf,DESIGNER
14752209.pdf,BUSINESS-DEVELOPMENT
14761906.pdf,DIGITAL-MEDIA
14771530.pdf,DIGITAL-MEDIA
14789139.pdf,INFORMATION-TECHNOLOGY
14790629.pdf,AVIATION
14825300.pdf,BUSINESS-DEVELOPMENT
14849103.pdf,CONSTRUCTION
14861855.pdf,BUSINESS-DEVELOPMENT
14871762.pdf,BUSINESS-DEVELOPMENT
14874322.pdf,AVIATION
14879257.pdf,ARTS
14886205.pdf,HR
14900898.pdf,CONSTRUCTION
14910300.pdf,PUBLIC-RELATIONS
14937492.pdf,APPAREL
14945250.pdf,DIGITAL-MEDIA
14958913.pdf,TEACHER
14966165.pdf,PUBLIC-RELATIONS
14990354.pdf,BUSINESS-DEVELOPMENT
15011085.pdf,FINANCE
15041689.pdf,HR
15053703.pdf,AGRICULTURE
15083600.pdf,CONSULTANT
15100547.pdf,AUTOMOBILE
15118506.pdf,INFORMATION-TECHNOLOGY
15119529.pdf,CONSULTANT
15139979.pdf,ENGINEERING
15145575.pdf,BPO
15154822.pdf,APPAREL
15180322.pdf,CHEF
15210069.pdf,AUTOMOBILE
15224503.pdf,FINANCE
15226699.pdf,AVIATION
15233524.pdf,BUSINESS-DEVELOPMENT
15261348.pdf,CHEF
15265464.pdf,ARTS
15273850.pdf,SALES
15281412.pdf,CONSULTANT
15289348.pdf,ACCOUNTANT
15293959.pdf,FITNESS
15297298.pdf,PUBLIC-RELATIONS
15306049.pdf,ARTS
15313140.pdf,ADVOCATE
15337481.pdf,ADVOCATE
15353911.pdf,DIGITAL-MEDIA
15354126.pdf,CHEF
15363277.pdf,ACCOUNTANT
15375009.pdf,HR
15423153.pdf,BUSINESS-DEVELOPMENT
15425154.pdf,DESIGNER
15433732.pdf,CONSULTANT
15471999.pdf,DESIGNER
15479281.pdf,APPAREL
15484011.pdf,AUTOMOBILE
15484097.pdf,DIGITAL-MEDIA
15499825.pdf,HEALTHCARE
15535408.pdf,APPAREL
15535920.pdf,CONSULTANT
15546686.pdf,AGRICULTURE
15553584.pdf,BANKING
15564893.pdf,CONSTRUCTION
15573418.pdf,BPO
15575117.pdf,HR
15576950.pdf,HR
15581242.pdf,SALES
15592167.pdf,ACCOUNTANT
15601399.pdf,ENGINEERING
15602094.pdf,CONSULTANT
15603319.pdf,AGRICULTURE
15618327.pdf,AVIATION
15620421.pdf,SALES
15636923.pdf,HEALTHCARE
15651486.pdf,INFORMATION-TECHNOLOGY
15680735.pdf,BANKING
15684810.pdf,AVIATION
15699744.pdf,CONSULTANT
15717923.pdf,FINANCE
15721849.pdf,CONSTRUCTION
15727656.pdf,ADVOCATE
15746146.pdf,APPAREL
15765660.pdf,SALES
15790602.pdf,AUTOMOBILE
15791766.pdf,INFORMATION-TECHNOLOGY
15792052.pdf,FINANCE
15802627.pdf,INFORMATION-TECHNOLOGY
15811992.pdf,BUSINESS-DEVELOPMENT
15821633.pdf,ACCOUNTANT
15823995.pdf,AVIATION
15850434.pdf,TEACHER
15856762.pdf,BANKING
15858254.pdf,ENGINEERING
15891494.pdf,FINANCE
15899269.pdf,TEACHER
15906625.pdf,ACCOUNTANT
15917885.pdf,PUBLIC-RELATIONS
15918496.pdf,SALES
15932017.pdf,FITNESS
15936656.pdf,DESIGNER
15941675.pdf,ENGINEERING
15958967.pdf,ADVOCATE
15973307.pdf,SALES
16038911.pdf,FITNESS
16066857.pdf,CHEF
16091352.pdf,BUSINESS-DEVELOPMENT
16103783.pdf,PUBLIC-RELATIONS
16121015.pdf,SALES
16121387.pdf,HEALTHCARE
16132195.pdf,HEALTHCARE
16172429.pdf,AGRICULTURE
16186411.pdf,INFORMATION-TECHNOLOGY
16203589.pdf,CONSTRUCTION
16210888.pdf,TEACHER
16223371.pdf,SALES
16226743.pdf,PUBLIC-RELATIONS
16237710.pdf,ACCOUNTANT
16244633.pdf,HR
16248476.pdf,CHEF
16270906.pdf,TEACHER
16276121.pdf,DIGITAL-MEDIA
16279537.pdf,AVIATION
16280971.pdf,SALES
16288901.pdf,DESIGNER
16300459.pdf,BANKING
16332293.pdf,AUTOMOBILE
16332348.pdf,ADVOCATE
16353584.pdf,CONSTRUCTION
16356151.pdf,HEALTHCARE
16378091.pdf,CONSTRUCTION
16391949.pdf,APPAREL
16407619.pdf,ARTS
16426777.pdf,FINANCE
16449694.pdf,AVIATION
16449850.pdf,FINANCE
16474898.pdf,FITNESS
16492045.pdf,BPO
16500168.pdf,APPAREL
16507693.pdf,AGRICULTURE
16509761.pdf,DIGITAL-MEDIA
16511249.pdf,SALES
16519708.pdf,BUSINESS-DEVELOPMENT
16533554.pdf,INFORMATION-TECHNOLOGY
16536141.pdf,DIGITAL-MEDIA
16594812.pdf,CHEF
16605352.pdf,FITNESS
16605640.pdf,APPAREL
16620172.pdf,PUBLIC-RELATIONS
16626724.pdf,CONSTRUCTION
16653657.pdf,AGRICULTURE
16661264.pdf,AGRICULTURE
16694152.pdf,BUSINESS-DEVELOPMENT
16702198.pdf,HEALTHCARE
16723524.pdf,APPAREL
16803215.pdf,ENGINEERING
16804396.pdf,CHEF
16820422.pdf,TEACHER
16833515.pdf,AVIATION
16846478.pdf,BUSINESS-DEVELOPMENT
16849128.pdf,AGRICULTURE
16850314.pdf,AVIATION
16852973.pdf,HR
16855929.pdf,CHEF
16861758.pdf,HEALTHCARE
16877897.pdf,HR
16887936.pdf,ARTS
16893572.pdf,DIGITAL-MEDIA
16899268.pdf,INFORMATION-TECHNOLOGY
16911115.pdf,ENGINEERING
16915389.pdf,APPAREL
16924102.pdf,CHEF
16924279.pdf,CONSTRUCTION
16962067.pdf,ARTS
16964217.pdf,CONSULTANT
16985289.pdf,APPAREL
17008356.pdf,AVIATION
17021141.pdf,ADVOCATE
17025292.pdf,CONSULTANT
17033567.pdf,ARTS
17043822.pdf,ENGINEERING
17095812.pdf,BUSINESS-DEVELOPMENT
17103000.pdf,ENGINEERING
17108676.pdf,ENGINEERING
17111768.pdf,INFORMATION-TECHNOLOGY
17115815.pdf,BUSINESS-DEVELOPMENT
17131084.pdf,BANKING
17132168.pdf,DIGITAL-MEDIA
17150707.pdf,HR
17152392.pdf,AVIATION
17163375.pdf,FITNESS
17165107.pdf,AGRICULTURE
17166018.pdf,FITNESS
17189156.pdf,BANKING
17199951.pdf,DESIGNER
17213671.pdf,BANKING
17252448.pdf,CONSTRUCTION
17254634.pdf,ADVOCATE
17274759.pdf,AVIATION
17276884.pdf,BANKING
17286050.pdf,FITNESS
17306905.pdf,ACCOUNTANT
17307206.pdf,CONSULTANT
17311685.pdf,TEACHER
17312146.pdf,AGRICULTURE
17325147.pdf,ARTS
17342969.pdf,CONSTRUCTION
17378327.pdf,SALES
17392859.pdf,FINANCE
17396388.pdf,BANKING
17407184.pdf,ACCOUNTANT
17410700.pdf,SALES
17412079.pdf,HR
17421910.pdf,BUSINESS-DEVELOPMENT
17422560.pdf,HR
17431847.pdf,FITNESS
17432318.pdf,DIGITAL-MEDIA
17481570.pdf,TEACHER
17483843.pdf,AVIATION
17488801.pdf,ENGINEERING
17499196.pdf,AGRICULTURE
17509935.pdf,SALES
17510973.pdf,AUTOMOBILE
17539842.pdf,HEALTHCARE
17545780.pdf,HEALTHCARE
17555081.pdf,DESIGNER
17556527.pdf,ACCOUNTANT
17562754.pdf,DIGITAL-MEDIA
17570634.pdf,CONSTRUCTION
17571262.pdf,AUTOMOBILE
17576030.pdf,FITNESS
17584743.pdf,DIGITAL-MEDIA
17597372.pdf,BUSINESS-DEVELOPMENT
17602815.pdf,BUSINESS-DEVELOPMENT
17624934.pdf,HEALTHCARE
17640785.pdf,AGRICULTURE
17641670.pdf,INFORMATION-TECHNOLOGY
17655479.pdf,AVIATION
17658471.pdf,FITNESS
17659053.pdf,APPAREL
17660419.pdf,FITNESS
17681064.pdf,INFORMATION-TECHNOLOGY
17686472.pdf,AVIATION
17688766.pdf,INFORMATION-TECHNOLOGY
17694454.pdf,ARTS
17694572.pdf,AVIATION
17704246.pdf,SALES
17714174.pdf,APPAREL
17730889.pdf,BUSINESS-DEVELOPMENT
17775916.pdf,FINANCE
17781039.pdf,SALES
17812897.pdf,HR
17818707.pdf,BANKING
17823436.pdf,BANKING
17847636.pdf,ADVOCATE
17855844.pdf,HR
17857644.pdf,ARTS
17864043.pdf,HEALTHCARE
17876954.pdf,AVIATION
17880988.pdf,FINANCE
17911230.pdf,ADVOCATE
17915015.pdf,FITNESS
17926546.pdf,ENGINEERING
17960690.pdf,HEALTHCARE
17963031.pdf,HEALTHCARE
17983430.pdf,AVIATION
17983957.pdf,CONSULTANT
17987433.pdf,INFORMATION-TECHNOLOGY
18001081.pdf,TEACHER
18024825.pdf,FINANCE
18029935.pdf,FITNESS
18036030.pdf,CHEF
18062906.pdf,SALES
18067556.pdf,INFORMATION-TECHNOLOGY
18072085.pdf,FINANCE
18079050.pdf,CONSULTANT
18084150.pdf,HR
18090899.pdf,ADVOCATE
18106533.pdf,ARTS
18129173.pdf,HEALTHCARE
18132924.pdf,ACCOUNTANT
18133495.pdf,PUBLIC-RELATIONS
18155310.pdf,HR
18159866.pdf,INFORMATION-TECHNOLOGY
18171955.pdf,SALES
18172739.pdf,BANKING
18176523.pdf,INFORMATION-TECHNOLOGY
18187364.pdf,INFORMATION-TECHNOLOGY
18198627.pdf,DESIGNER
18208580.pdf,BANKING
18227306.pdf,CONSULTANT
18236085.pdf,BUSINESS-DEVELOPMENT
18242317.pdf,AGRICULTURE
18264694.pdf,AGRICULTURE
18268860.pdf,AVIATION
18278509.pdf,BANKING
18293620.pdf,BUSINESS-DEVELOPMENT
18297650.pdf,HR
18301617.pdf,INFORMATION-TECHNOLOGY
18311419.pdf,BUSINESS-DEVELOPMENT
18316239.pdf,HR
18319061.pdf,ARTS
18328743.pdf,SALES
18334783.pdf,HR
18354623.pdf,DIGITAL-MEDIA
18365443.pdf,HEALTHCARE
18365791.pdf,ACCOUNTANT
18368613.pdf,SALES
18369400.pdf,BANKING
18422164.pdf,HR
18436190.pdf,PUBLIC-RELATIONS
18442517.pdf,DIGITAL-MEDIA
18448085.pdf,AUTOMOBILE
18457785.pdf,BANKING
18460045.pdf,DESIGNER
18472240.pdf,CONSTRUCTION
18480859.pdf,CHEF
18484846.pdf,HEALTHCARE
18488289.pdf,DIGITAL-MEDIA
18501746.pdf,DIGITAL-MEDIA
18509268.pdf,APPAREL
18525641.pdf,DIGITAL-MEDIA
18557164.pdf,HR
18569929.pdf,ACCOUNTANT
18586076.pdf,ARTS
18589927.pdf,BPO
18635654.pdf,ACCOUNTANT
18636651.pdf,FINANCE
18640927.pdf,FINANCE
18645964.pdf,BANKING
18669563.pdf,ACCOUNTANT
18714571.pdf,HEALTHCARE
18725071.pdf,ADVOCATE
18731098.pdf,HR
18752129.pdf,INFORMATION-TECHNOLOGY
18753367.pdf,ENGINEERING
18757174.pdf,BUSINESS-DEVELOPMENT
18767449.pdf,FITNESS
18784594.pdf,HEALTHCARE
18795567.pdf,DESIGNER
18805506.pdf,ACCOUNTANT
18824120.pdf,BANKING
18825446.pdf,CHEF
18827609.pdf,HR
18835363.pdf,DESIGNER
18856440.pdf,CONSULTANT
18882984.pdf,CONSTRUCTION
18885231.pdf,SALES
18885767.pdf,ARTS
18900722.pdf,DIGITAL-MEDIA
18905648.pdf,DIGITAL-MEDIA
18927233.pdf,DIGITAL-MEDIA
18932512.pdf,AUTOMOBILE
18937778.pdf,BUSINESS-DEVELOPMENT
18949843.pdf,HEALTHCARE
18975686.pdf,FINANCE
18979238.pdf,DESIGNER
18997135.pdf,ADVOCATE
19007667.pdf,CHEF
19037403.pdf,FITNESS
19053815.pdf,DIGITAL-MEDIA
19063156.pdf,ADVOCATE
19070271.pdf,AVIATION
19072267.pdf,PUBLIC-RELATIONS
19090468.pdf,HEALTHCARE
19108760.pdf,ADVOCATE
19124258.pdf,ENGINEERING
19147494.pdf,SALES
19147603.pdf,FINANCE
19147947.pdf,SALES
19149865.pdf,BANKING
19156751.pdf,SALES
19161572.pdf,CONSULTANT
19164410.pdf,DESIGNER
19176318.pdf,BANKING
19179079.pdf,HR
19195747.pdf,DESIGNER
19201175.pdf,INFORMATION-TECHNOLOGY
19234823.pdf,FINANCE
19243556.pdf,FINANCE
19268120.pdf,CHEF
19284293.pdf,AVIATION
19285236.pdf,CHEF
19302310.pdf,TEACHER
19336728.pdf,HR
19362586.pdf,APPAREL
19364677.pdf,CONSTRUCTION
19374660.pdf,FITNESS
19396040.pdf,ENGINEERING
19397727.pdf,ENGINEERING
19402977.pdf,APPAREL
19405513.pdf,FINANCE
19437318.pdf,BANKING
19444529.pdf,DIGITAL-MEDIA
19446337.pdf,ACCOUNTANT
19464810.pdf,TEACHER
19471144.pdf,CONSTRUCTION
19473948.pdf,SALES
19497420.pdf,PUBLIC-RELATIONS
19503224.pdf,PUBLIC-RELATIONS
19506295.pdf,AVIATION
19508520.pdf,ARTS
19518606.pdf,ADVOCATE
19532392.pdf,AGRICULTURE
19540089.pdf,FINANCE
19545827.pdf,ACCOUNTANT
19553067.pdf,ENGINEERING
19556300.pdf,TEACHER
19557384.pdf,BUSINESS-DEVELOPMENT
19558834.pdf,PUBLIC-RELATIONS
19582792.pdf,SALES
19599699.pdf,FITNESS
19612167.pdf,ENGINEERING
19616406.pdf,HR
19671909.pdf,ARTS
19714635.pdf,APPAREL
19717385.pdf,HR
19724031.pdf,ARTS
19738730.pdf,BUSINESS-DEVELOPMENT
19774173.pdf,FITNESS
19786924.pdf,TEACHER
19796840.pdf,INFORMATION-TECHNOLOGY
19818707.pdf,AVIATION
19831366.pdf,CHEF
19850482.pdf,INFORMATION-TECHNOLOGY
19851252.pdf,AGRICULTURE
19861776.pdf,DIGITAL-MEDIA
19867922.pdf,HR
19911786.pdf,FITNESS
19918523.pdf,TEACHER
19920687.pdf,BANKING
19926135.pdf,ADVOCATE
19928941.pdf,CONSTRUCTION
19929506.pdf,PUBLIC-RELATIONS
19936735.pdf,CONSULTANT
19938081.pdf,FITNESS
19951766.pdf,CHEF
19975121.pdf,FITNESS
20001721.pdf,INFORMATION-TECHNOLOGY
20006992.pdf,AGRICULTURE
20024870.pdf,INFORMATION-TECHNOLOGY
20026169.pdf,AVIATION
20033302.pdf,AGRICULTURE
20082776.pdf,ACCOUNTANT
20110597.pdf,HEALTHCARE
20138606.pdf,ADVOCATE
20141807.pdf,SALES
20148147.pdf,ARTS
20149476.pdf,ARTS
20172393.pdf,HEALTHCARE
20176584.pdf,CONSULTANT
20210676.pdf,DIGITAL-MEDIA
20211577.pdf,HEALTHCARE
20230207.pdf,TEACHER
20237244.pdf,INFORMATION-TECHNOLOGY
20253563.pdf,ACCOUNTANT
20255404.pdf,FITNESS
20272792.pdf,ADVOCATE
20275356.pdf,FINANCE
20279756.pdf,FITNESS
20314980.pdf,CONSULTANT
20317319.pdf,BUSINESS-DEVELOPMENT
20321582.pdf,CHEF
20324037.pdf,ADVOCATE
20330739.pdf,DIGITAL-MEDIA
20345168.pdf,ACCOUNTANT
20356750.pdf,ARTS
20357858.pdf,BUSINESS-DEVELOPMENT
20390397.pdf,DESIGNER
20393721.pdf,ACCOUNTANT
20399718.pdf,TEACHER
20400279.pdf,ADVOCATE
20408458.pdf,INFORMATION-TECHNOLOGY
20417897.pdf,HR
20423658.pdf,SALES
20427934.pdf,BUSINESS-DEVELOPMENT
20457611.pdf,FITNESS
20470943.pdf,DIGITAL-MEDIA
20478831.pdf,TEACHER
20488267.pdf,ARTS
20490741.pdf,DIGITAL-MEDIA
20504094.pdf,APPAREL
20544228.pdf,ADVOCATE
20552814.pdf,SALES
20553895.pdf,BUSINESS-DEVELOPMENT
20565486.pdf,FITNESS
20565849.pdf,CONSTRUCTION
20566550.pdf,ENGINEERING
20574232.pdf,CONSULTANT
20604208.pdf,ADVOCATE
20624984.pdf,ACCOUNTANT
20626794.pdf,TEACHER
20628003.pdf,DIGITAL-MEDIA
20633855.pdf,BUSINESS-DEVELOPMENT
20674668.pdf,INFORMATION-TECHNOLOGY
20681037.pdf,CONSTRUCTION
20691949.pdf,CHEF
20698469.pdf,ARTS
20705888.pdf,FINANCE
20736486.pdf,HEALTHCARE
20748468.pdf,HEALTHCARE
20748926.pdf,DESIGNER
20748929.pdf,BUSINESS-DEVELOPMENT
20765795.pdf,ADVOCATE
20806155.pdf,HR
20817322.pdf,CHEF
20819838.pdf,SALES
20824105.pdf,INFORMATION-TECHNOLOGY
20835760.pdf,HEALTHCARE
20836112.pdf,FINANCE
20850529.pdf,BANKING
20879311.pdf,INFORMATION-TECHNOLOGY
20880935.pdf,FINANCE
20882041.pdf,ENGINEERING
20905088.pdf,ENGINEERING
20918464.pdf,FINANCE
20925036.pdf,HR
20932019.pdf,DESIGNER
20966771.pdf,PUBLIC-RELATIONS
20969119.pdf,HR
20969845.pdf,FINANCE
20977412.pdf,FINANCE
20981299.pdf,ENGINEERING
20986595.pdf,DESIGNER
20992320.pdf,BANKING
20993320.pdf,HR
21007083.pdf,APPAREL
21031285.pdf,ACCOUNTANT
21038022.pdf,ENGINEERING
21060367.pdf,ARTS
21101152.pdf,CHEF
21122155.pdf,FITNESS
21125113.pdf,DIGITAL-MEDIA
21134923.pdf,AGRICULTURE
21156767.pdf,CONSULTANT
21178545.pdf,FITNESS
21190805.pdf,AVIATION
21238396.pdf,FITNESS
21265194.pdf,HR
21283365.pdf,INFORMATION-TECHNOLOGY
21283733.pdf,DESIGNER
21287405.pdf,AVIATION
21297521.pdf,BANKING
21297828.pdf,PUBLIC-RELATIONS
21298336.pdf,ENGINEERING
21321598.pdf,PUBLIC-RELATIONS
21334981.pdf,CHEF
21338490.pdf,ACCOUNTANT
21363048.pdf,CONSTRUCTION
21366189.pdf,CONSULTANT
21386255.pdf,PUBLIC-RELATIONS
21478007.pdf,PUBLIC-RELATIONS
21511817.pdf,CHEF
21512769.pdf,CONSULTANT
21531811.pdf,TEACHER
21549195.pdf,PUBLIC-RELATIONS
21550454.pdf,TEACHER
21567392.pdf,CONSTRUCTION
21568833.pdf,CONSULTANT
21570485.pdf,APPAREL
21586858.pdf,CONSTRUCTION
21595057.pdf,SALES
21611212.pdf,TEACHER
21611637.pdf,CHEF
21614256.pdf,ADVOCATE
21622444.pdf,CHEF
21629057.pdf,ENGINEERING
21645690.pdf,BANKING
21663616.pdf,PUBLIC-RELATIONS
21669215.pdf,PUBLIC-RELATIONS
21705160.pdf,DESIGNER
21756639.pdf,BANKING
21763056.pdf,ACCOUNTANT
21773106.pdf,TEACHER
21780877.pdf,INFORMATION-TECHNOLOGY
21782152.pdf,CONSTRUCTION
21794875.pdf,ACCOUNTANT
21796843.pdf,BANKING
21807211.pdf,APPAREL
21807224.pdf,ENGINEERING
21809601.pdf,ARTS
21830565.pdf,HR
21847415.pdf,ENGINEERING
21853199.pdf,ACCOUNTANT
21856577.pdf,BANKING
21866029.pdf,HEALTHCARE
21867728.pdf,ARTS
21868149.pdf,AGRICULTURE
21869994.pdf,CHEF
21904897.pdf,CHEF
21912637.pdf,FINANCE
21916744.pdf,DESIGNER
22008817.pdf,HEALTHCARE
22019500.pdf,CONSTRUCTION
22025574.pdf,BUSINESS-DEVELOPMENT
22042181.pdf,ADVOCATE
22047665.pdf,SALES
22056333.pdf,TEACHER
22093368.pdf,FITNESS
22168194.pdf,AUTOMOBILE
22182279.pdf,ARTS
22232367.pdf,AVIATION
22249155.pdf,APPAREL
22259475.pdf,ADVOCATE
22259768.pdf,CONSULTANT
22319662.pdf,SALES
22323967.pdf,HR
22349169.pdf,CHEF
22351830.pdf,CONSULTANT
22380187.pdf,DIGITAL-MEDIA
22391901.pdf,ADVOCATE
22408666.pdf,TEACHER
22423839.pdf,BUSINESS-DEVELOPMENT
22442947.pdf,AVIATION
22450718.pdf,INFORMATION-TECHNOLOGY
22452756.pdf,AUTOMOBILE
22455205.pdf,PUBLIC-RELATIONS
22465498.pdf,ACCOUNTANT
22485475.pdf,CONSULTANT
22488036.pdf,FITNESS
22492537.pdf,FINANCE
22496394.pdf,DESIGNER
22506245.pdf,DESIGNER
22510753.pdf,TEACHER
22546476.pdf,CONSTRUCTION
22551979.pdf,TEACHER
22556198.pdf,CONSULTANT
22560013.pdf,PUBLIC-RELATIONS
22561438.pdf,CHEF
22567495.pdf,DESIGNER
22571461.pdf,CONSULTANT
22593054.pdf,ARTS
22605864.pdf,ENGINEERING
22615491.pdf,BANKING
22622351.pdf,FINANCE
22632070.pdf,TEACHER
22650051.pdf,AVIATION
22675694.pdf,DESIGNER
22706174.pdf,DIGITAL-MEDIA
22718826.pdf,CONSTRUCTION
22720697.pdf,FINANCE
22732234.pdf,AUTOMOBILE
22754014.pdf,PUBLIC-RELATIONS
22765255.pdf,BUSINESS-DEVELOPMENT
22776912.pdf,INFORMATION-TECHNOLOGY
22800977.pdf,ARTS
22807104.pdf,TEACHER
22848179.pdf,ARTS
22852364.pdf,APPAREL
22855060.pdf,FITNESS
22861181.pdf,PUBLIC-RELATIONS
22884757.pdf,TEACHER
22890839.pdf,ENGINEERING
22894544.pdf,CONSTRUCTION
22925443.pdf,ACCOUNTANT
22946204.pdf,AUTOMOBILE
22965804.pdf,CONSTRUCTION
22968380.pdf,TEACHER
22983516.pdf,CONSTRUCTION
22990761.pdf,AVIATION
23004695.pdf,FITNESS
23009962.pdf,AUTOMOBILE
23011221.pdf,FITNESS
23015611.pdf,PUBLIC-RELATIONS
23032182.pdf,SALES
23032276.pdf,CHEF
23048999.pdf,PUBLIC-RELATIONS
23063986.pdf,FITNESS
23085604.pdf,DIGITAL-MEDIA
23110214.pdf,HEALTHCARE
23138078.pdf,HEALTHCARE
23139437.pdf,AGRICULTURE
23139819.pdf,ACCOUNTANT
23143731.pdf,PUBLIC-RELATIONS
23155093.pdf,HR
23185829.pdf,CHEF
23190306.pdf,APPAREL
23234047.pdf,ENGINEERING
23246831.pdf,ACCOUNTANT
23296286.pdf,SALES
23302948.pdf,CONSULTANT
23323001.pdf,BANKING
23354541.pdf,FINANCE
23387174.pdf,ACCOUNTANT
23396633.pdf,BUSINESS-DEVELOPMENT
23398733.pdf,CHEF
23398843.pdf,TEACHER
23408537.pdf,HR
23416654.pdf,ACCOUNTANT
23427369.pdf,ADVOCATE
23438112.pdf,ACCOUNTANT
23438227.pdf,ENGINEERING
23464505.pdf,AVIATION
23477199.pdf,FITNESS
23497307.pdf,ENGINEERING
23510685.pdf,HR
23513618.pdf,ACCOUNTANT
23522150.pdf,CHEF
23527321.pdf,INFORMATION-TECHNOLOGY
23568641.pdf,BUSINESS-DEVELOPMENT
23568731.pdf,CHEF
23573064.pdf,FINANCE
23577836.pdf,ADVOCATE
23591247.pdf,CHEF
23602130.pdf,PUBLIC-RELATIONS
23617240.pdf,HEALTHCARE
23628651.pdf,TEACHER
23631188.pdf,AGRICULTURE
23631724.pdf,APPAREL
23636277.pdf,ACCOUNTANT
23666211.pdf,INFORMATION-TECHNOLOGY
23673025.pdf,PUBLIC-RELATIONS
23719943.pdf,APPAREL
23734441.pdf,ACCOUNTANT
23752500.pdf,ARTS
23760084.pdf,SALES
23761385.pdf,AVIATION
23771896.pdf,PUBLIC-RELATIONS
23782450.pdf,SALES
23804341.pdf,ADVOCATE
23807940.pdf,CHEF
23810469.pdf,DIGITAL-MEDIA
23814777.pdf,HEALTHCARE
23818675.pdf,CONSTRUCTION
23841877.pdf,CHEF
23864648.pdf,INFORMATION-TECHNOLOGY
23864858.pdf,DIGITAL-MEDIA
23914451.pdf,HR
23917826.pdf,ARTS
23918545.pdf,AUTOMOBILE
23929500.pdf,SALES
23933031.pdf,BPO
23939133.pdf,TEACHER
23944036.pdf,HEALTHCARE
23951429.pdf,DESIGNER
23955183.pdf,FINANCE
23985183.pdf,AVIATION
24001783.pdf,AGRICULTURE
24020470.pdf,INFORMATION-TECHNOLOGY
24025053.pdf,HEALTHCARE
24038620.pdf,INFORMATION-TECHNOLOGY
24061629.pdf,ARTS
24068423.pdf,AGRICULTURE
24083609.pdf,INFORMATION-TECHNOLOGY
24103168.pdf,ACCOUNTANT
24124250.pdf,ADVOCATE
24154692.pdf,AVIATION
24184357.pdf,HR
24219583.pdf,FITNESS
24221960.pdf,CHEF
24230851.pdf,INFORMATION-TECHNOLOGY
24240349.pdf,TEACHER
24251588.pdf,FITNESS
24285142.pdf,DESIGNER
24294778.pdf,ACCOUNTANT
24322804.pdf,ENGINEERING
24349611.pdf,ARTS
24361598.pdf,CONSTRUCTION
24397882.pdf,FINANCE
24402267.pdf,HR
24410405.pdf,ADVOCATE
24411323.pdf,FINANCE
24412546.pdf,BUSINESS-DEVELOPMENT
24416961.pdf,AGRICULTURE
24444525.pdf,FITNESS
24455357.pdf,DESIGNER
24491862.pdf,PUBLIC-RELATIONS
24508725.pdf,HR
24516163.pdf,APPAREL
24530382.pdf,FINANCE
24533931.pdf,APPAREL
24544244.pdf,AVIATION
24548333.pdf,HEALTHCARE
24550866.pdf,HEALTHCARE
24553863.pdf,FINANCE
24559558.pdf,PUBLIC-RELATIONS
24574164.pdf,DIGITAL-MEDIA
24580361.pdf,BANKING
24583187.pdf,DESIGNER
24588864.pdf,ADVOCATE
24589765.pdf,AVIATION
24590489.pdf,PUBLIC-RELATIONS
24592627.pdf,AUTOMOBILE
24610685.pdf,SALES
24611721.pdf,FINANCE
24643412.pdf,CONSULTANT
24647386.pdf,BUSINESS-DEVELOPMENT
24647794.pdf,ENGINEERING
24655918.pdf,DESIGNER
24658786.pdf,DIGITAL-MEDIA
24668861.pdf,AVIATION
24670867.pdf,FINANCE
24673903.pdf,CHEF
24677466.pdf,PUBLIC-RELATIONS
24679149.pdf,DIGITAL-MEDIA
24695561.pdf,ADVOCATE
24703009.pdf,ACCOUNTANT
24703983.pdf,ACCOUNTANT
24708621.pdf,FITNESS
24709432.pdf,CHEF
24710433.pdf,PUBLIC-RELATIONS
24727739.pdf,FITNESS
24740005.pdf,CONSTRUCTION
24754689.pdf,ADVOCATE
24763208.pdf,ADVOCATE
24767027.pdf,FITNESS
24770846.pdf,CONSTRUCTION
24773845.pdf,AVIATION
24791126.pdf,TEACHER
24799301.pdf,ACCOUNTANT
24817041.pdf,ACCOUNTANT
24828381.pdf,CONSULTANT
24833063.pdf,FINANCE
24854026.pdf,FINANCE
24889109.pdf,INFORMATION-TECHNOLOGY
24905947.pdf,PUBLIC-RELATIONS
24913648.pdf,INFORMATION-TECHNOLOGY
24946537.pdf,ADVOCATE
24953126.pdf,CONSTRUCTION
24953921.pdf,DIGITAL-MEDIA
24964303.pdf,BUSINESS-DEVELOPMENT
24967652.pdf,FINANCE
24977396.pdf,PUBLIC-RELATIONS
24983760.pdf,ARTS
24989856.pdf,APPAREL
24994145.pdf,FITNESS
25001005.pdf,PUBLIC-RELATIONS
25023614.pdf,DESIGNER
25038571.pdf,DIGITAL-MEDIA
25047127.pdf,AUTOMOBILE
25061645.pdf,DESIGNER
25067742.pdf,ACCOUNTANT
25070914.pdf,PUBLIC-RELATIONS
25080805.pdf,BANKING
25098739.pdf,CONSTRUCTION
25101183.pdf,FINANCE
25127518.pdf,ACCOUNTANT
25128608.pdf,CHEF
25142074.pdf,APPAREL
25150191.pdf,HR
25157655.pdf,FITNESS
25162378.pdf,BANKING
25187733.pdf,CONSTRUCTION
25200253.pdf,BANKING
25207620.pdf,INFORMATION-TECHNOLOGY
25213006.pdf,CONSULTANT
25224998.pdf,CONSTRUCTION
25258040.pdf,CONSULTANT
25315791.pdf,SALES
25328428.pdf,HEALTHCARE
25330083.pdf,FINANCE
25370801.pdf,BUSINESS-DEVELOPMENT
25397102.pdf,BUSINESS-DEVELOPMENT
25413261.pdf,PUBLIC-RELATIONS
25422388.pdf,DESIGNER
25425322.pdf,ENGINEERING
25451319.pdf,HEALTHCARE
25452321.pdf,CHEF
25462793.pdf,ACCOUNTANT
25482567.pdf,FITNESS
25497147.pdf,FINANCE
25507648.pdf,FITNESS
25525152.pdf,PUBLIC-RELATIONS
25543217.pdf,APPAREL
25547145.pdf,ACCOUNTANT
25561640.pdf,ARTS
25588694.pdf,TEACHER
25608963.pdf,ENGINEERING
25624652.pdf,BANKING
25625173.pdf,AVIATION
25656981.pdf,CONSTRUCTION
25676643.pdf,HR
25678238.pdf,FINANCE
25694422.pdf,CONSULTANT
25706337.pdf,DIGITAL-MEDIA
25718772.pdf,AVIATION
25719936.pdf,AUTOMOBILE
25723793.pdf,DIGITAL-MEDIA
25724495.pdf,HR
25729119.pdf,TEACHER
25749150.pdf,ACCOUNTANT
25780596.pdf,BANKING
25797445.pdf,ENGINEERING
25810233.pdf,SALES
25813953.pdf,BUSINESS-DEVELOPMENT
25824789.pdf,HR
25834360.pdf,HEALTHCARE
25838512.pdf,FITNESS
25839123.pdf,SALES
25846894.pdf,ACCOUNTANT
25857360.pdf,INFORMATION-TECHNOLOGY
25862026.pdf,ACCOUNTANT
25867805.pdf,ACCOUNTANT
25873425.pdf,ADVOCATE
25905275.pdf,INFORMATION-TECHNOLOGY
25919149.pdf,ENGINEERING
25923361.pdf,ARTS
25924968.pdf,CHEF
25926667.pdf,ARTS
25930778.pdf,ENGINEERING
25935030.pdf,ACCOUNTANT
25949631.pdf,DESIGNER
25953797.pdf,CHEF
25959103.pdf,INFORMATION-TECHNOLOGY
25974844.pdf,HEALTHCARE
25990239.pdf,INFORMATION-TECHNOLOGY
26013403.pdf,FINANCE
26046064.pdf,DESIGNER
26046878.pdf,SALES
26048718.pdf,CONSULTANT
26065877.pdf,ACCOUNTANT
26069113.pdf,ARTS
26070334.pdf,AGRICULTURE
26071861.pdf,ADVOCATE
26079779.pdf,ARTS
26091595.pdf,CONSTRUCTION
26098594.pdf,APPAREL
26125407.pdf,HEALTHCARE
26127853.pdf,PUBLIC-RELATIONS
26130673.pdf,PUBLIC-RELATIONS
26160200.pdf,DIGITAL-MEDIA
26167298.pdf,CONSULTANT
26173524.pdf,PUBLIC-RELATIONS
26189601.pdf,CHEF
26202430.pdf,CONSULTANT
26231609.pdf,FINANCE
26234972.pdf,CONSULTANT
26278597.pdf,BUSINESS-DEVELOPMENT
26279402.pdf,AVIATION
26289308.pdf,HR
26291616.pdf,CONSULTANT
26330995.pdf,PUBLIC-RELATIONS
26341645.pdf,AUTOMOBILE
26341987.pdf,DIGITAL-MEDIA
26410763.pdf,ARTS
26425074.pdf,SALES
26456474.pdf,ADVOCATE
26456899.pdf,ENGINEERING
26459032.pdf,FITNESS
26480367.pdf,INFORMATION-TECHNOLOGY
26496059.pdf,DESIGNER
26503829.pdf,DESIGNER
26509539.pdf,CONSTRUCTION
26530575.pdf,FINANCE
26530696.pdf,SALES
26579709.pdf,BANKING
26581830.pdf,BUSINESS-DEVELOPMENT
26585242.pdf,HEALTHCARE
26586477.pdf,APPAREL
26622051.pdf,DESIGNER
26671167.pdf,HR
26673507.pdf,BANKING
26676567.pdf,DESIGNER
26691587.pdf,APPAREL
26695839.pdf,HEALTHCARE
26718039.pdf,CHEF
26746496.pdf,INFORMATION-TECHNOLOGY
26750846.pdf,FINANCE
26767199.pdf,FINANCE
26768723.pdf,INFORMATION-TECHNOLOGY
26780935.pdf,HR
26790545.pdf,DESIGNER
26801767.pdf,INFORMATION-TECHNOLOGY
26819872.pdf,AVIATION
26829350.pdf,APPAREL
26829561.pdf,APPAREL
26834746.pdf,ENGINEERING
26835781.pdf,AGRICULTURE
26888302.pdf,AVIATION
26896699.pdf,BUSINESS-DEVELOPMENT
26908066.pdf,HEALTHCARE
26919036.pdf,CONSULTANT
26921245.pdf,AGRICULTURE
26924514.pdf,DESIGNER
26932091.pdf,SALES
26942552.pdf,DESIGNER
26958533.pdf,HEALTHCARE
26961846.pdf,FINANCE
26975573.pdf,ACCOUNTANT
26987539.pdf,BANKING
26994282.pdf,SALES
27000192.pdf,PUBLIC-RELATIONS
27004930.pdf,BUSINESS-DEVELOPMENT
27018361.pdf,FINANCE
27018550.pdf,ADVOCATE
27024099.pdf,ARTS
27030979.pdf,HEALTHCARE
27040860.pdf,ENGINEERING
27058381.pdf,INFORMATION-TECHNOLOGY
27066370.pdf,CONSTRUCTION
27080812.pdf,DIGITAL-MEDIA
27084878.pdf,FITNESS
27090089.pdf,HEALTHCARE
27091280.pdf,APPAREL
27096471.pdf,CONSULTANT
27096796.pdf,ARTS
27099856.pdf,APPAREL
27120528.pdf,BANKING
27126818.pdf,TEACHER
27139412.pdf,BUSINESS-DEVELOPMENT
27152464.pdf,ENGINEERING
27164756.pdf,ADVOCATE
27165830.pdf,HR
27176039.pdf,APPAREL
27182111.pdf,ADVOCATE
27187994.pdf,CONSTRUCTION
27213082.pdf,BUSINESS-DEVELOPMENT
27219200.pdf,BUSINESS-DEVELOPMENT
27233183.pdf,SALES
27243670.pdf,CONSTRUCTION
27246366.pdf,CONSTRUCTION
27257013.pdf,PUBLIC-RELATIONS
27295996.pdf,INFORMATION-TECHNOLOGY
27298953.pdf,CHEF
27330027.pdf,FINANCE
27372171.pdf,INFORMATION-TECHNOLOGY
27375577.pdf,BUSINESS-DEVELOPMENT
27397245.pdf,FITNESS
27409087.pdf,FINANCE
27419236.pdf,DIGITAL-MEDIA
27485716.pdf,INFORMATION-TECHNOLOGY
27490876.pdf,HR
27496514.pdf,HR
27497542.pdf,DESIGNER
27502951.pdf,AVIATION
27512470.pdf,AVIATION
27523575.pdf,HR
27524018.pdf,TEACHER
27529455.pdf,DESIGNER
27531694.pdf,TEACHER
27536013.pdf,INFORMATION-TECHNOLOGY
27549075.pdf,APPAREL
27558837.pdf,ACCOUNTANT
27573855.pdf,ACCOUNTANT
27606527.pdf,BANKING
27607632.pdf,SALES
27624540.pdf,SALES
27637576.pdf,ACCOUNTANT
27662298.pdf,CHEF
27689009.pdf,AGRICULTURE
27694040.pdf,APPAREL
27710853.pdf,BPO
27715131.pdf,SALES
27726066.pdf,HR
27756469.pdf,ENGINEERING
27770859.pdf,INFORMATION-TECHNOLOGY
27788376.pdf,CONSULTANT
27789372.pdf,FINANCE
27796199.pdf,BUSINESS-DEVELOPMENT
27798860.pdf,ENGINEERING
27820360.pdf,CHEF
27831220.pdf,CHEF
27835351.pdf,CONSTRUCTION
27847081.pdf,HR
27850777.pdf,BUSINESS-DEVELOPMENT
27884470.pdf,BANKING
27888251.pdf,AGRICULTURE
27902692.pdf,AUTOMOBILE
27903191.pdf,FITNESS
27909372.pdf,CHEF
27914096.pdf,FINANCE
27917969.pdf,HEALTHCARE
27921561.pdf,DIGITAL-MEDIA
27936502.pdf,ARTS
27937592.pdf,BUSINESS-DEVELOPMENT
27974588.pdf,FITNESS
27980446.pdf,ACCOUNTANT
27981289.pdf,DIGITAL-MEDIA
28005884.pdf,ENGINEERING
28013287.pdf,TEACHER
28020046.pdf,AVIATION
28035460.pdf,INFORMATION-TECHNOLOGY
28051330.pdf,BANKING
28063132.pdf,TEACHER
28078163.pdf,ENGINEERING
28086303.pdf,TEACHER
28092317.pdf,CHEF
28109594.pdf,DIGITAL-MEDIA
28111403.pdf,ADVOCATE
28126340.pdf,INFORMATION-TECHNOLOGY
28139742.pdf,SALES
28165687.pdf,AGRICULTURE
28172023.pdf,FITNESS
28175164.pdf,HR
28176889.pdf,CHEF
28186635.pdf,AVIATION
28198029.pdf,SALES
28206098.pdf,ADVOCATE
28230807.pdf,CHEF
28243590.pdf,CONSULTANT
28247753.pdf,AGRICULTURE
28290448.pdf,PUBLIC-RELATIONS
28298773.pdf,ACCOUNTANT
28320387.pdf,ENGINEERING
28321954.pdf,FITNESS
28325193.pdf,ARTS
28326441.pdf,DESIGNER
28337049.pdf,BUSINESS-DEVELOPMENT
28359817.pdf,ACCOUNTANT
28377361.pdf,SALES
28383893.pdf,AVIATION
28396458.pdf,FINANCE
28396528.pdf,CHEF
28398216.pdf,FINANCE
28419173.pdf,HR
28419927.pdf,BANKING
28423028.pdf,HEALTHCARE
28424982.pdf,CHEF
28471099.pdf,DIGITAL-MEDIA
28505854.pdf,ENGINEERING
28522529.pdf,FINANCE
28531493.pdf,PUBLIC-RELATIONS
28609364.pdf,DIGITAL-MEDIA
28614791.pdf,ACCOUNTANT
28623782.pdf,FINANCE
28628090.pdf,ENGINEERING
28629430.pdf,ARTS
28630325.pdf,ENGINEERING
28631840.pdf,ENGINEERING
28635795.pdf,ADVOCATE
28640735.pdf,HR
28642819.pdf,TEACHER
28663949.pdf,DESIGNER
28669770.pdf,FITNESS
28670024.pdf,HEALTHCARE
28672970.pdf,INFORMATION-TECHNOLOGY
28679359.pdf,DIGITAL-MEDIA
28697203.pdf,INFORMATION-TECHNOLOGY
28711616.pdf,ARTS
28724469.pdf,FINANCE
28733974.pdf,AGRICULTURE
28745844.pdf,HEALTHCARE
28756444.pdf,CONSTRUCTION
28758002.pdf,FINANCE
28762662.pdf,ENGINEERING
28772892.pdf,TEACHER
28790806.pdf,AUTOMOBILE
28803888.pdf,CONSTRUCTION
28808263.pdf,HR
28815362.pdf,CONSTRUCTION
28828844.pdf,HR
28831378.pdf,ENGINEERING
28831442.pdf,PUBLIC-RELATIONS
28862054.pdf,PUBLIC-RELATIONS
28867567.pdf,SALES
28871170.pdf,ADVOCATE
28895997.pdf,BANKING
28897981.pdf,INFORMATION-TECHNOLOGY
28916894.pdf,BUSINESS-DEVELOPMENT
28923650.pdf,ENGINEERING
28933005.pdf,TEACHER
28939941.pdf,ACCOUNTANT
28942221.pdf,CONSTRUCTION
28949406.pdf,CONSTRUCTION
28951817.pdf,CONSULTANT
28969385.pdf,ACCOUNTANT
28973180.pdf,FINANCE
28974459.pdf,ADVOCATE
28975482.pdf,PUBLIC-RELATIONS
28989677.pdf,BANKING
28998957.pdf,APPAREL
29002596.pdf,DIGITAL-MEDIA
29014805.pdf,BUSINESS-DEVELOPMENT
29028935.pdf,APPAREL
29050809.pdf,ACCOUNTANT
29051656.pdf,INFORMATION-TECHNOLOGY
29061628.pdf,CONSTRUCTION
29072179.pdf,CHEF
29075857.pdf,INFORMATION-TECHNOLOGY
29076405.pdf,CONSULTANT
29087505.pdf,CONSTRUCTION
29091445.pdf,HR
29093426.pdf,BANKING
29134372.pdf,HEALTHCARE
29134721.pdf,SALES
29142288.pdf,SALES
29147100.pdf,DESIGNER
29148871.pdf,ARTS
29149998.pdf,HR
29161565.pdf,AVIATION
29165698.pdf,FITNESS
29167286.pdf,AVIATION
29173771.pdf,ADVOCATE
29177904.pdf,ADVOCATE
29184740.pdf,SALES
29193505.pdf,CONSTRUCTION
29196643.pdf,CONSULTANT
29208172.pdf,BUSINESS-DEVELOPMENT
29211359.pdf,CHEF
29211919.pdf,SALES
29221006.pdf,AVIATION
29267293.pdf,TEACHER
29297393.pdf,CONSULTANT
29297973.pdf,HR
29306433.pdf,FITNESS
29319314.pdf,FITNESS
29329075.pdf,PUBLIC-RELATIONS
29332616.pdf,SALES
29399491.pdf,SALES
29406313.pdf,BANKING
29415426.pdf,ADVOCATE
29425788.pdf,FITNESS
29449419.pdf,CHEF
29456173.pdf,ACCOUNTANT
29483501.pdf,CONSTRUCTION
29486525.pdf,TEACHER
29494962.pdf,FINANCE
29510501.pdf,TEACHER
29521434.pdf,APPAREL
29524570.pdf,DESIGNER
29525715.pdf,AGRICULTURE
29534737.pdf,AVIATION
29552167.pdf,BANKING
29564653.pdf,HR
29573698.pdf,SALES
29574501.pdf,CONSTRUCTION
29595906.pdf,AVIATION
29612672.pdf,FINANCE
29639533.pdf,TEACHER
29640922.pdf,APPAREL
29647215.pdf,CONSULTANT
29648950.pdf,FINANCE
29723311.pdf,CONSULTANT
29746235.pdf,AGRICULTURE
29764492.pdf,APPAREL
29770086.pdf,CONSULTANT
29772450.pdf,CHEF
29775391.pdf,CHEF
29784524.pdf,CHEF
29792535.pdf,FITNESS
29797594.pdf,TEACHER
29805310.pdf,SALES
29815762.pdf,SALES
29821051.pdf,ACCOUNTANT
29825044.pdf,BUSINESS-DEVELOPMENT
29839396.pdf,BANKING
29865476.pdf,DESIGNER
29878348.pdf,CONSTRUCTION
29894080.pdf,CONSTRUCTION
29897742.pdf,AGRICULTURE
29908929.pdf,BUSINESS-DEVELOPMENT
29915354.pdf,DIGITAL-MEDIA
29926588.pdf,ADVOCATE
29928796.pdf,SALES
29930479.pdf,TEACHER
29968330.pdf,AGRICULTURE
29975124.pdf,INFORMATION-TECHNOLOGY
29990140.pdf,CHEF
29992154.pdf,HEALTHCARE
29998869.pdf,FINANCE
29999135.pdf,ACCOUNTANT
30083884.pdf,CONSULTANT
30083943.pdf,SALES
30097175.pdf,ENGINEERING
30127072.pdf,BANKING
30128072.pdf,CHEF
30148777.pdf,AVIATION
30163002.pdf,HR
30223363.pdf,INFORMATION-TECHNOLOGY
30288581.pdf,ENGINEERING
30304575.pdf,ACCOUNTANT
30311202.pdf,CHEF
30311725.pdf,CONSTRUCTION
30337969.pdf,CHEF
30344127.pdf,APPAREL
30361788.pdf,ACCOUNTANT
30397268.pdf,CONSTRUCTION
30430249.pdf,APPAREL
30437583.pdf,AGRICULTURE
30504149.pdf,DIGITAL-MEDIA
30529547.pdf,SALES
30542184.pdf,ENGINEERING
30563572.pdf,HR
30594821.pdf,ARTS
30608780.pdf,SALES
30642458.pdf,PUBLIC-RELATIONS
30646367.pdf,HR
30709029.pdf,BPO
30713796.pdf,BANKING
30741799.pdf,ADVOCATE
30757456.pdf,FITNESS
30813919.pdf,ACCOUNTANT
30826569.pdf,CHEF
30862904.pdf,HR
30863060.pdf,CONSULTANT
30864828.pdf,DIGITAL-MEDIA
30938994.pdf,BUSINESS-DEVELOPMENT
30965258.pdf,DESIGNER
30968749.pdf,DESIGNER
30990885.pdf,FITNESS
30999638.pdf,DIGITAL-MEDIA
31016926.pdf,CONSULTANT
31025785.pdf,BANKING
31040875.pdf,ADVOCATE
31042953.pdf,FITNESS
31064969.pdf,BPO
31111279.pdf,INFORMATION-TECHNOLOGY
31114531.pdf,ARTS
31162167.pdf,PUBLIC-RELATIONS
31169070.pdf,CONSULTANT
31199035.pdf,SALES
31201660.pdf,CONSULTANT
31211074.pdf,PUBLIC-RELATIONS
31217840.pdf,CONSULTANT
31220062.pdf,PUBLIC-RELATIONS
31225895.pdf,APPAREL
31242382.pdf,ADVOCATE
31243710.pdf,INFORMATION-TECHNOLOGY
31273310.pdf,BUSINESS-DEVELOPMENT
31273413.pdf,ARTS
31292364.pdf,PUBLIC-RELATIONS
31362807.pdf,APPAREL
31392754.pdf,PUBLIC-RELATIONS
31395710.pdf,HEALTHCARE
31395742.pdf,CONSULTANT
31454430.pdf,SALES
31536294.pdf,AVIATION
31547476.pdf,CHEF
31552617.pdf,TEACHER
31556198.pdf,FITNESS
31602598.pdf,ACCOUNTANT
31605080.pdf,AVIATION
31638814.pdf,BUSINESS-DEVELOPMENT
31677347.pdf,ENGINEERING
31684925.pdf,ENGINEERING
31694970.pdf,ENGINEERING
31710562.pdf,BANKING
31761591.pdf,APPAREL
31813535.pdf,BUSINESS-DEVELOPMENT
31850269.pdf,CONSTRUCTION
31909493.pdf,DIGITAL-MEDIA
31926950.pdf,HEALTHCARE
31929166.pdf,DIGITAL-MEDIA
31948488.pdf,FINANCE
32025286.pdf,CONSTRUCTION
32042584.pdf,BUSINESS-DEVELOPMENT
32067700.pdf,TEACHER
32069695.pdf,AUTOMOBILE
32081266.pdf,ENGINEERING
32109048.pdf,AUTOMOBILE
32140087.pdf,SALES
32219038.pdf,HEALTHCARE
32265203.pdf,CONSTRUCTION
32308556.pdf,HR
32318506.pdf,ARTS
32385553.pdf,BUSINESS-DEVELOPMENT
32433431.pdf,CONSULTANT
32441790.pdf,PUBLIC-RELATIONS
32517106.pdf,FITNESS
32518109.pdf,CHEF
32531824.pdf,BUSINESS-DEVELOPMENT
32532982.pdf,DESIGNER
32563518.pdf,HEALTHCARE
32605413.pdf,CHEF
32636041.pdf,FITNESS
32637306.pdf,CONSULTANT
32651555.pdf,FITNESS
32720816.pdf,AVIATION
32773331.pdf,CONSTRUCTION
32794700.pdf,PUBLIC-RELATIONS
32799518.pdf,CONSTRUCTION
32802563.pdf,ENGINEERING
32896934.pdf,HR
32947778.pdf,HR
32954522.pdf,DESIGNER
32959732.pdf,INFORMATION-TECHNOLOGY
32965335.pdf,ADVOCATE
32977530.pdf,HR
32980197.pdf,BANKING
32985311.pdf,ENGINEERING
33023370.pdf,CONSTRUCTION
33072201.pdf,APPAREL
33135102.pdf,BANKING
33141415.pdf,CONSTRUCTION
33176873.pdf,HR
33236701.pdf,SALES
33241454.pdf,INFORMATION-TECHNOLOGY
33286293.pdf,BANKING
33344933.pdf,ARTS
33370664.pdf,BANKING
33381211.pdf,INFORMATION-TECHNOLOGY
33424600.pdf,BUSINESS-DEVELOPMENT
33527446.pdf,ACCOUNTANT
33542483.pdf,DIGITAL-MEDIA
33578873.pdf,SALES
33627938.pdf,AGRICULTURE
33665485.pdf,APPAREL
33685075.pdf,ENGINEERING
33685988.pdf,FINANCE
33704389.pdf,TEACHER
33750209.pdf,HEALTHCARE
33803142.pdf,HEALTHCARE
33872500.pdf,BANKING
33893326.pdf,DIGITAL-MEDIA
33919379.pdf,CONSULTANT
33964275.pdf,CHEF
34033933.pdf,TEACHER
34046031.pdf,BUSINESS-DEVELOPMENT
34051710.pdf,DESIGNER
34131484.pdf,SALES
34141299.pdf,AGRICULTURE
34146825.pdf,ARTS
34151183.pdf,FITNESS
34185495.pdf,BANKING
34198885.pdf,ACCOUNTANT
34250007.pdf,FINANCE
34252537.pdf,CHEF
34303500.pdf,SALES
34304175.pdf,ARTS
34317538.pdf,DESIGNER
34319869.pdf,DIGITAL-MEDIA
34327438.pdf,CONSULTANT
34349255.pdf,DESIGNER
34419403.pdf,AVIATION
34452806.pdf,CHEF
34465087.pdf,TEACHER
34511655.pdf,DESIGNER
34544955.pdf,CONSTRUCTION
34554248.pdf,HR
34583750.pdf,DIGITAL-MEDIA
34594746.pdf,HEALTHCARE
34657584.pdf,DESIGNER
34689720.pdf,TEACHER
34712719.pdf,PUBLIC-RELATIONS
34740556.pdf,HR
34745915.pdf,TEACHER
34758680.pdf,CONSULTANT
34783330.pdf,BANKING
34792238.pdf,FITNESS
34797369.pdf,BUSINESS-DEVELOPMENT
34816637.pdf,ACCOUNTANT
34875813.pdf,CONSULTANT
34953092.pdf,BANKING
34962725.pdf,HEALTHCARE
34970271.pdf,ADVOCATE
35121930.pdf,APPAREL
35157762.pdf,CHEF
35164503.pdf,BANKING
35172961.pdf,ENGINEERING
35302620.pdf,FITNESS
35325329.pdf,INFORMATION-TECHNOLOGY
35344611.pdf,ADVOCATE
35389360.pdf,ENGINEERING
35421497.pdf,TEACHER
35422305.pdf,HEALTHCARE
35468363.pdf,CHEF
3547447.pdf,BANKING
35474904.pdf,ADVOCATE
35483925.pdf,BANKING
35492909.pdf,BANKING
35554162.pdf,ACCOUNTANT
35564026.pdf,BANKING
35571205.pdf,APPAREL
35579812.pdf,HEALTHCARE
35603950.pdf,APPAREL
35651876.pdf,ENGINEERING
35673335.pdf,BUSINESS-DEVELOPMENT
35737840.pdf,ENGINEERING
35971546.pdf,CONSTRUCTION
35985133.pdf,APPAREL
35990852.pdf,DESIGNER
36019469.pdf,ARTS
36024962.pdf,ACCOUNTANT
36074301.pdf,SALES
36094883.pdf,APPAREL
36102323.pdf,AGRICULTURE
36107065.pdf,PUBLIC-RELATIONS
36136569.pdf,APPAREL
36139251.pdf,FITNESS
36149549.pdf,ENGINEERING
36170003.pdf,BUSINESS-DEVELOPMENT
36206485.pdf,TEACHER
36252245.pdf,AVIATION
36269672.pdf,DESIGNER
36302399.pdf,BANKING
36331163.pdf,CONSTRUCTION
36366044.pdf,CHEF
36379931.pdf,ARTS
36392131.pdf,ADVOCATE
36425270.pdf,ACCOUNTANT
36434348.pdf,INFORMATION-TECHNOLOGY
36517781.pdf,ENGINEERING
36569713.pdf,TEACHER
36574147.pdf,BUSINESS-DEVELOPMENT
36621169.pdf,APPAREL
36625776.pdf,HEALTHCARE
36671891.pdf,PUBLIC-RELATIONS
36694627.pdf,ADVOCATE
36727173.pdf,AVIATION
36758947.pdf,ARTS
36805025.pdf,BUSINESS-DEVELOPMENT
36856210.pdf,INFORMATION-TECHNOLOGY
36861863.pdf,HEALTHCARE
36868767.pdf,HEALTHCARE
36904300.pdf,SALES
36905896.pdf,BANKING
36970996.pdf,SALES
37001381.pdf,HEALTHCARE
37058472.pdf,DESIGNER
37087371.pdf,PUBLIC-RELATIONS
37087824.pdf,FITNESS
37201447.pdf,AGRICULTURE
37220856.pdf,ARTS
37231163.pdf,CHEF
37242217.pdf,INFORMATION-TECHNOLOGY
37263609.pdf,DESIGNER
37292350.pdf,AGRICULTURE
37333719.pdf,ADVOCATE
37335325.pdf,ENGINEERING
37348041.pdf,ADVOCATE
37360517.pdf,SALES
37370455.pdf,ACCOUNTANT
37374340.pdf,HEALTHCARE
37375999.pdf,PUBLIC-RELATIONS
37391947.pdf,BUSINESS-DEVELOPMENT
37402097.pdf,TEACHER
37472265.pdf,ARTS
37473139.pdf,AVIATION
37521676.pdf,BUSINESS-DEVELOPMENT
37540732.pdf,SALES
37560528.pdf,ADVOCATE
37640804.pdf,ADVOCATE
37660306.pdf,TEACHER
37664296.pdf,DESIGNER
37695494.pdf,DESIGNER
37735467.pdf,SALES
37739183.pdf,PUBLIC-RELATIONS
37750854.pdf,APPAREL
37751611.pdf,ARTS
37764298.pdf,INFORMATION-TECHNOLOGY
37792474.pdf,SALES
37818861.pdf,CONSULTANT
37913536.pdf,PUBLIC-RELATIONS
37931076.pdf,FINANCE
37997506.pdf,ACCOUNTANT
38007664.pdf,BUSINESS-DEVELOPMENT
38047274.pdf,AVIATION
38056161.pdf,PUBLIC-RELATIONS
38059130.pdf,HR
38087844.pdf,SALES
38108845.pdf,FITNESS
38115035.pdf,ARTS
38154903.pdf,AVIATION
38165833.pdf,CONSULTANT
38216888.pdf,AGRICULTURE
38220146.pdf,ENGINEERING
38225199.pdf,FINANCE
38291889.pdf,ADVOCATE
38309905.pdf,CHEF
38314236.pdf,ENGINEERING
38355831.pdf,AVIATION
38399177.pdf,CONSULTANT
38441665.pdf,FINANCE
38457612.pdf,CONSULTANT
38535335.pdf,ENGINEERING
38565119.pdf,DESIGNER
38642923.pdf,FITNESS
38650096.pdf,FITNESS
38663892.pdf,AVIATION
38688388.pdf,BUSINESS-DEVELOPMENT
38698573.pdf,ADVOCATE
38707449.pdf,BPO
38744475.pdf,DESIGNER
38750659.pdf,TEACHER
38753827.pdf,INFORMATION-TECHNOLOGY
38847011.pdf,ACCOUNTANT
38860712.pdf,ADVOCATE
38896303.pdf,CONSULTANT
38897568.pdf,BANKING
38907798.pdf,FINANCE
38946032.pdf,CONSTRUCTION
38989376.pdf,AVIATION
39027764.pdf,CONSTRUCTION
39064638.pdf,CHEF
39081840.pdf,HR
39082090.pdf,HEALTHCARE
39115899.pdf,ACCOUNTANT
39142536.pdf,BANKING
39166680.pdf,DIGITAL-MEDIA
39237915.pdf,BUSINESS-DEVELOPMENT
39247950.pdf,BANKING
39252859.pdf,DESIGNER
39295103.pdf,FINANCE
39308779.pdf,CONSULTANT
39413067.pdf,INFORMATION-TECHNOLOGY
39434376.pdf,DESIGNER
39441617.pdf,CONSULTANT
39470264.pdf,ARTS
39566718.pdf,CONSTRUCTION
39569771.pdf,BANKING
39581020.pdf,SALES
39608848.pdf,ARTS
39650734.pdf,HR
39674178.pdf,ACCOUNTANT
39674782.pdf,CONSTRUCTION
39675895.pdf,FINANCE
39718499.pdf,INFORMATION-TECHNOLOGY
39776400.pdf,DESIGNER
39805617.pdf,FITNESS
39835894.pdf,ENGINEERING
39855211.pdf,ENGINEERING
39875803.pdf,BUSINESS-DEVELOPMENT
39908485.pdf,CONSTRUCTION
39970711.pdf,HR
40018190.pdf,AUTOMOBILE
40088790.pdf,ADVOCATE
40311088.pdf,DIGITAL-MEDIA
40792022.pdf,BUSINESS-DEVELOPMENT
40882926.pdf,AGRICULTURE
40883703.pdf,DIGITAL-MEDIA
40987524.pdf,SALES
41152404.pdf,BPO
41344156.pdf,INFORMATION-TECHNOLOGY
41506705.pdf,DESIGNER
41523474.pdf,HR
41586420.pdf,APPAREL
41590605.pdf,APPAREL
41651672.pdf,BANKING
41910253.pdf,HEALTHCARE
41950126.pdf,ARTS
42156237.pdf,DIGITAL-MEDIA
42164460.pdf,ADVOCATE
42304307.pdf,SALES
42332765.pdf,PUBLIC-RELATIONS
42384185.pdf,DESIGNER
42427521.pdf,AVIATION
42487883.pdf,ACCOUNTANT
42546558.pdf,AVIATION
42641525.pdf,AVIATION
43311839.pdf,CONSULTANT
43375498.pdf,FITNESS
43378989.pdf,CONSULTANT
43408471.pdf,AVIATION
43622023.pdf,APPAREL
43685045.pdf,ACCOUNTANT
43720116.pdf,AVIATION
43752620.pdf,ENGINEERING
43852883.pdf,BPO
43994605.pdf,HEALTHCARE
44115326.pdf,ADVOCATE
44145704.pdf,DESIGNER
44147689.pdf,CONSTRUCTION
44185767.pdf,DESIGNER
44476983.pdf,HR
44624796.pdf,ENGINEERING
45077654.pdf,BPO
45167858.pdf,BANKING
45286020.pdf,TEACHER
45462344.pdf,PUBLIC-RELATIONS
45475027.pdf,CONSTRUCTION
45656814.pdf,FITNESS
45900271.pdf,PUBLIC-RELATIONS
45907524.pdf,HEALTHCARE
45987048.pdf,TEACHER
46055835.pdf,ARTS
46258701.pdf,HR
46260230.pdf,INFORMATION-TECHNOLOGY
46349752.pdf,HEALTHCARE
46514339.pdf,APPAREL
46772262.pdf,ADVOCATE
47067533.pdf,BUSINESS-DEVELOPMENT
47133747.pdf,ADVOCATE
47276718.pdf,ENGINEERING
47317494.pdf,CHEF
47410104.pdf,FINANCE
47470864.pdf,HR
47487091.pdf,AUTOMOBILE
47549345.pdf,ENGINEERING
47603843.pdf,CHEF
47729453.pdf,CHEF
47919212.pdf,ENGINEERING
47996197.pdf,DIGITAL-MEDIA
48037995.pdf,INFORMATION-TECHNOLOGY
48285304.pdf,FINANCE
48533663.pdf,CONSULTANT
48547319.pdf,TEACHER
48549972.pdf,CONSTRUCTION
48580330.pdf,CHEF
49119887.pdf,PUBLIC-RELATIONS
49127329.pdf,ENGINEERING
49204385.pdf,ACCOUNTANT
49285644.pdf,TEACHER
49325370.pdf,HEALTHCARE
49475708.pdf,ADVOCATE
49486820.pdf,ADVOCATE
49646155.pdf,AVIATION
49685006.pdf,CONSTRUCTION
49777184.pdf,CONSULTANT
49937469.pdf,HR
49997097.pdf,ACCOUNTANT
50219114.pdf,DIGITAL-MEDIA
50222417.pdf,ACCOUNTANT
50324968.pdf,APPAREL
50328713.pdf,ENGINEERING
50432401.pdf,ARTS
50775901.pdf,AVIATION
51018476.pdf,DESIGNER
51209395.pdf,TEACHER
51349448.pdf,SALES
51363762.pdf,INFORMATION-TECHNOLOGY
51415089.pdf,PUBLIC-RELATIONS
51432451.pdf,CONSULTANT
51508889.pdf,BANKING
51554903.pdf,CHEF
51588273.pdf,ENGINEERING
51638201.pdf,CONSTRUCTION
51639418.pdf,INFORMATION-TECHNOLOGY
51681660.pdf,DESIGNER
51724595.pdf,CONSULTANT
51769822.pdf,HR
51777546.pdf,HEALTHCARE
52246737.pdf,INFORMATION-TECHNOLOGY
52252936.pdf,APPAREL
52618188.pdf,INFORMATION-TECHNOLOGY
52684666.pdf,FITNESS
52979663.pdf,HR
53129155.pdf,TEACHER
53169257.pdf,ADVOCATE
53227466.pdf,ARTS
53265899.pdf,CHEF
53640713.pdf,ACCOUNTANT
53701275.pdf,PUBLIC-RELATIONS
54067174.pdf,ADVOCATE
54100393.pdf,ARTS
54101961.pdf,SALES
54180474.pdf,ARTS
54201930.pdf,DESIGNER
54227873.pdf,ENGINEERING
54232810.pdf,AVIATION
54246169.pdf,AGRICULTURE
54259150.pdf,FITNESS
54308684.pdf,APPAREL
54421668.pdf,BANKING
54934269.pdf,HEALTHCARE
55097118.pdf,SALES
55104715.pdf,SALES
55477468.pdf,SALES
55500538.pdf,AGRICULTURE
55595908.pdf,ENGINEERING
55712978.pdf,AGRICULTURE
55746506.pdf,FITNESS
55953734.pdf,ENGINEERING
56025640.pdf,AVIATION
56068028.pdf,AGRICULTURE
56151548.pdf,TEACHER
56286525.pdf,FITNESS
56520872.pdf,HEALTHCARE
56525735.pdf,CONSTRUCTION
56691064.pdf,ENGINEERING
56792999.pdf,CONSULTANT
56952849.pdf,DIGITAL-MEDIA
57002858.pdf,INFORMATION-TECHNOLOGY
57088974.pdf,FINANCE
57262959.pdf,FITNESS
57364820.pdf,CONSULTANT
57575888.pdf,FITNESS
57601040.pdf,CONSULTANT
57667857.pdf,HR
57706851.pdf,BPO
58048626.pdf,AUTOMOBILE
58105060.pdf,TEACHER
58165257.pdf,FINANCE
58208591.pdf,APPAREL
58428843.pdf,SALES
58665241.pdf,TEACHER
58708773.pdf,TEACHER
58879993.pdf,HEALTHCARE
58915642.pdf,DIGITAL-MEDIA
59011090.pdf,DIGITAL-MEDIA
59346975.pdf,PUBLIC-RELATIONS
59403481.pdf,ACCOUNTANT
59422148.pdf,SALES
59450123.pdf,FINANCE
59487170.pdf,FITNESS
59696315.pdf,BUSINESS-DEVELOPMENT
59777056.pdf,FINANCE
59818742.pdf,FINANCE
59938965.pdf,FINANCE
59962788.pdf,HR
60004873.pdf,ENGINEERING
60182829.pdf,FINANCE
60489316.pdf,BANKING
60624892.pdf,HEALTHCARE
61065616.pdf,CONSTRUCTION
61315605.pdf,AVIATION
61319162.pdf,PUBLIC-RELATIONS
61322296.pdf,CHEF
61579998.pdf,ENGINEERING
61634281.pdf,FINANCE
61677751.pdf,BUSINESS-DEVELOPMENT
62071407.pdf,ENGINEERING
62184086.pdf,TEACHER
62312955.pdf,DESIGNER
62555739.pdf,CHEF
62700506.pdf,DIGITAL-MEDIA
62809577.pdf,ACCOUNTANT
62850928.pdf,FINANCE
62870550.pdf,FITNESS
62994611.pdf,AGRICULTURE
63083944.pdf,CONSTRUCTION
63137898.pdf,ACCOUNTANT
63145386.pdf,CONSTRUCTION
63158213.pdf,BPO
63282405.pdf,FITNESS
63391085.pdf,TEACHER
63670997.pdf,CONSULTANT
63989974.pdf,AUTOMOBILE
64017585.pdf,INFORMATION-TECHNOLOGY
64468610.pdf,ENGINEERING
64471954.pdf,HEALTHCARE
64589506.pdf,BANKING
64755882.pdf,ENGINEERING
65062795.pdf,CONSULTANT
65219288.pdf,AVIATION
65237556.pdf,PUBLIC-RELATIONS
65325317.pdf,ARTS
65352424.pdf,ARTS
65373280.pdf,CHEF
65456466.pdf,SALES
65708020.pdf,BUSINESS-DEVELOPMENT
65864767.pdf,BANKING
66226673.pdf,ARTS
66683238.pdf,TEACHER
66741193.pdf,FINANCE
66832845.pdf,INFORMATION-TECHNOLOGY
66906212.pdf,TEACHER
67032711.pdf,FITNESS
67406885.pdf,CONSULTANT
67501448.pdf,BUSINESS-DEVELOPMENT
67582956.pdf,DESIGNER
67631413.pdf,AVIATION
67645662.pdf,DESIGNER
68216398.pdf,AVIATION
68240723.pdf,DESIGNER
68338341.pdf,CHEF
68460556.pdf,INFORMATION-TECHNOLOGY
68781345.pdf,BANKING
69005326.pdf,TEACHER
69097572.pdf,BPO
69155584.pdf,SALES
69181350.pdf,CONSULTANT
69199666.pdf,HEALTHCARE
69243180.pdf,BANKING
69336473.pdf,AGRICULTURE
69360287.pdf,AGRICULTURE
69458502.pdf,AVIATION
69487178.pdf,FINANCE
69532425.pdf,TEACHER
69666645.pdf,FITNESS
69764348.pdf,CONSTRUCTION
69859102.pdf,AGRICULTURE
70089206.pdf,INFORMATION-TECHNOLOGY
70196518.pdf,DIGITAL-MEDIA
70198580.pdf,AVIATION
70528646.pdf,SALES
70541112.pdf,FINANCE
70603826.pdf,FITNESS
70667011.pdf,BANKING
70750649.pdf,APPAREL
70892619.pdf,TEACHER
71422121.pdf,BANKING
71499299.pdf,APPAREL
71576860.pdf,CONSTRUCTION
71767359.pdf,APPAREL
71772815.pdf,SALES
71888547.pdf,CONSULTANT
72136463.pdf,FINANCE
72231872.pdf,HR
72652441.pdf,ADVOCATE
72807293.pdf,FITNESS
72876163.pdf,BANKING
73030450.pdf,AGRICULTURE
73075521.pdf,CONSULTANT
73077810.pdf,HR
73157997.pdf,BANKING
73282756.pdf,DIGITAL-MEDIA
73448369.pdf,ADVOCATE
73497035.pdf,ARTS
74126637.pdf,ADVOCATE
74191424.pdf,ADVOCATE
74236636.pdf,ENGINEERING
74512244.pdf,FINANCE
74522938.pdf,CHEF
74552449.pdf,BANKING
74816727.pdf,TEACHER
74849878.pdf,FINANCE
75057933.pdf,ADVOCATE
75156649.pdf,FITNESS
75286906.pdf,ACCOUNTANT
75297735.pdf,HEALTHCARE
75329822.pdf,PUBLIC-RELATIONS
75435017.pdf,HEALTHCARE
75744306.pdf,HEALTHCARE
75950464.pdf,ADVOCATE
76010167.pdf,DESIGNER
76196367.pdf,TEACHER
76454959.pdf,FINANCE
76530505.pdf,FITNESS
76916835.pdf,BUSINESS-DEVELOPMENT
77156708.pdf,BANKING
77266989.pdf,FITNESS
77439230.pdf,ADVOCATE
77576845.pdf,BUSINESS-DEVELOPMENT
77626587.pdf,AVIATION
77638654.pdf,FINANCE
77828437.pdf,ENGINEERING
78016758.pdf,CONSULTANT
78107631.pdf,ARTS
78114950.pdf,CONSTRUCTION
78149576.pdf,DESIGNER
78229715.pdf,FINANCE
78257294.pdf,ACCOUNTANT
78273826.pdf,APPAREL
78298706.pdf,CONSTRUCTION
78357954.pdf,AUTOMOBILE
78403342.pdf,ACCOUNTANT
78538268.pdf,ADVOCATE
79041971.pdf,BANKING
79261033.pdf,BPO
79376680.pdf,SALES
79432080.pdf,ARTS
79536879.pdf,AGRICULTURE
79541391.pdf,INFORMATION-TECHNOLOGY
79570655.pdf,CONSULTANT
79663360.pdf,TEACHER
79759716.pdf,BUSINESS-DEVELOPMENT
80000092.pdf,CHEF
80053367.pdf,ACCOUNTANT
80162314.pdf,HR
80275976.pdf,BUSINESS-DEVELOPMENT
80503242.pdf,ADVOCATE
80527194.pdf,CONSULTANT
80679862.pdf,DIGITAL-MEDIA
80876647.pdf,HEALTHCARE
81011612.pdf,DESIGNER
81042872.pdf,AGRICULTURE
81125166.pdf,ENGINEERING
81217013.pdf,FINANCE
81310245.pdf,BUSINESS-DEVELOPMENT
81373857.pdf,CHEF
81508860.pdf,DIGITAL-MEDIA
81588968.pdf,AVIATION
81677620.pdf,FINANCE
81761658.pdf,INFORMATION-TECHNOLOGY
82118447.pdf,BUSINESS-DEVELOPMENT
82125182.pdf,ENGINEERING
82140102.pdf,APPAREL
82246962.pdf,ENGINEERING
82649935.pdf,ACCOUNTANT
82738323.pdf,AVIATION
82929064.pdf,DIGITAL-MEDIA
83206166.pdf,ARTS
83338413.pdf,ARTS
83566455.pdf,APPAREL
83816738.pdf,INFORMATION-TECHNOLOGY
84295343.pdf,AUTOMOBILE
84356308.pdf,FINANCE
84373843.pdf,FINANCE
84512719.pdf,AGRICULTURE
85101052.pdf,DESIGNER
85417107.pdf,HEALTHCARE
85421438.pdf,HEALTHCARE
85766635.pdf,PUBLIC-RELATIONS
85918100.pdf,SALES
85973397.pdf,PUBLIC-RELATIONS
86184722.pdf,HR
86209934.pdf,ENGINEERING
86322251.pdf,TEACHER
86549455.pdf,FINANCE
86551046.pdf,CHEF
86595128.pdf,FINANCE
86597425.pdf,TEACHER
86828820.pdf,ENGINEERING
87118391.pdf,SALES
87520378.pdf,HEALTHCARE
87635012.pdf,ACCOUNTANT
87826037.pdf,AVIATION
87867370.pdf,BANKING
87968870.pdf,HR
88038965.pdf,FINANCE
88651471.pdf,PUBLIC-RELATIONS
88691367.pdf,CONSULTANT
88859947.pdf,CONSTRUCTION
88907739.pdf,CONSULTANT
89049979.pdf,BANKING
89197180.pdf,BUSINESS-DEVELOPMENT
89413122.pdf,INFORMATION-TECHNOLOGY
89508407.pdf,ADVOCATE
89512321.pdf,BPO
89740812.pdf,AGRICULTURE
89858892.pdf,FITNESS
90032884.pdf,CONSTRUCTION
90066849.pdf,DESIGNER
90280583.pdf,ENGINEERING
90318913.pdf,AVIATION
90363254.pdf,TEACHER
90365216.pdf,FITNESS
90468982.pdf,ADVOCATE
90629382.pdf,BUSINESS-DEVELOPMENT
90682785.pdf,SALES
90685127.pdf,DIGITAL-MEDIA
90867631.pdf,INFORMATION-TECHNOLOGY
91026230.pdf,APPAREL
91051945.pdf,ADVOCATE
91072502.pdf,CHEF
91116867.pdf,CONSULTANT
91121135.pdf,INFORMATION-TECHNOLOGY
91153752.pdf,DESIGNER
91189201.pdf,CONSULTANT
91197243.pdf,PUBLIC-RELATIONS
91268638.pdf,CHEF
91318828.pdf,DIGITAL-MEDIA
91431878.pdf,AVIATION
91467795.pdf,BUSINESS-DEVELOPMENT
91478356.pdf,HEALTHCARE
91515108.pdf,AUTOMOBILE
91533580.pdf,APPAREL
91539554.pdf,DIGITAL-MEDIA
91564103.pdf,FINANCE
91591026.pdf,CHEF
91635250.pdf,INFORMATION-TECHNOLOGY
91697974.pdf,INFORMATION-TECHNOLOGY
91930382.pdf,HR
92069209.pdf,INFORMATION-TECHNOLOGY
92122785.pdf,CHEF
92200491.pdf,SALES
92246939.pdf,CONSULTANT
92283635.pdf,AVIATION
92524964.pdf,FINANCE
92985983.pdf,CHEF
93002334.pdf,HR
93112113.pdf,HR
93301686.pdf,DESIGNER
93349646.pdf,CONSULTANT
93436805.pdf,CONSTRUCTION
93459677.pdf,CONSULTANT
93512385.pdf,AGRICULTURE
93576192.pdf,ARTS
93653247.pdf,FINANCE
93828034.pdf,PUBLIC-RELATIONS
93988900.pdf,HEALTHCARE
94047639.pdf,CHEF
94137171.pdf,AVIATION
94230796.pdf,ARTS
94417768.pdf,DESIGNER
94492380.pdf,DIGITAL-MEDIA
94503308.pdf,CONSTRUCTION
95011061.pdf,HEALTHCARE
95085510.pdf,FITNESS
95350373.pdf,CONSULTANT
95382114.pdf,BUSINESS-DEVELOPMENT
95429627.pdf,CONSULTANT
95519832.pdf,FINANCE
95625660.pdf,BPO
95714702.pdf,ADVOCATE
95769832.pdf,FITNESS
95792386.pdf,CONSULTANT
95970987.pdf,ADVOCATE
96029688.pdf,ENGINEERING
96260484.pdf,HEALTHCARE
96457008.pdf,AVIATION
96493528.pdf,BANKING
96547039.pdf,TEACHER
96761538.pdf,FITNESS
97123005.pdf,FITNESS
97169343.pdf,HEALTHCARE
97405769.pdf,ADVOCATE
97449528.pdf,AUTOMOBILE
98086373.pdf,PUBLIC-RELATIONS
98108571.pdf,SALES
98300955.pdf,HEALTHCARE
98309114.pdf,HEALTHCARE
98348532.pdf,BANKING
98379112.pdf,BUSINESS-DEVELOPMENT
98389424.pdf,AVIATION
98509238.pdf,SALES
98513424.pdf,FINANCE
98559931.pdf,ACCOUNTANT
98965485.pdf,BANKING
99033098.pdf,ARTS
99124477.pdf,BANKING
99244405.pdf,ARTS
99416532.pdf,AVIATION
99433371.pdf,CONSTRUCTION
99561379.pdf,ARTS
99680385.pdf,AUTOMOBILE
99714410.pdf,CONSULTANT
99806115.pdf,APPAREL
